R,Player,Age,Continet,Team,TeamA,TeamB,TeamC,Position,FW,MF,DF,Apps,Mins,Goals,Assists,Yel,Red,SpG,PS,AerialsWon,MotM,Rating,Rating2,Drb,Tackles,Blocks,Clear,Inter
1,Sergio Aguero ,30,0,Manchester City ,1,0,0,FW,1,0,0,22(3),1969,21,6,2,0,3.8,82.8,0.4,4,7.81,7.12,2.2,0.4,0,0.1,0.2
2,Kevin De Bruyne,27,1,Manchester City ,1,0,0,MF,0,0,0,36(1),3085,8,16,2,0,2.5,83.4,0.4,8,7.8,7.54,1.7,1.7,0.1,0.3,0.7
3,Mohamed Salah ,26,0,Liverpool  ,1,0,0,FW,1,0,0,34(2),2922,32,10,1,0,4,76.7,0.4,8,7.69,7.25,2.2,0.3,0,0.1,0.1
4,Eden Hazard ,27,1,Chelsea  ,1,0,0,FW,1,0,0,28(6),2433,12,4,2,0,2.1,83.6,0.2,9,7.69,6.74,4.9,0.2,0,0,0.1
5,Harry Kane ,24,1,Tottenham  ,1,0,0,FW,1,0,0,35(2),3083,30,2,5,0,5,71.2,1.6,9,7.6,6.76,1.3,0.5,0.1,0.5,0.1
6,David Silva ,32,1,Manchester City ,1,0,0,MF,0,0,0,28(1),2437,9,11,5,0,1.9,88.9,0.6,4,7.58,7.38,1.3,1.1,0.2,0.2,0.6
7,Raheem Sterling ,23,1,Manchester City ,1,0,0,FW,1,0,0,29(4),2593,18,11,3,1,2.6,84,0.2,4,7.55,7.27,1.9,0.6,0,0.2,0.3
8,Leroy San? ,22,1,Manchester City ,1,0,0,MF,0,0,0,27(5),2423,10,15,4,0,1.8,84.2,0.5,3,7.54,7.09,2.7,0.8,0,0.2,0.4
9,Paul Pogba ,25,1,Manchester United ,1,0,0,MF,0,0,0,25(2),2151,6,10,5,1,2.8,85.3,1.9,4,7.48,6.54,2.8,1.2,0,0.9,0.8
10,Fernandinho  ,33,0,Manchester City ,1,0,0,MF,0,0,0,33(1),2885,5,3,7,0,1.4,90.1,2.8,1,7.44,6.88,0.6,1.8,0.2,1.9,1.4
11,Christian Eriksen ,26,1,Tottenham  ,1,0,0,MF,0,0,0,37,3226,10,10,0,0,2.6,82.4,0.5,4,7.4,6.84,0.8,1.4,0,0.5,0.8
12,Roberto Firmino ,26,0,Liverpool  ,1,0,0,FW,1,0,0,32(5),2778,15,7,1,0,2.3,72.6,1.2,3,7.39,6.62,1.3,1.8,0.1,0.2,0.5
13,Shkodran Mustafi ,26,1,Arsenal  ,0,1,0,DF,0,0,1,25(2),2274,3,1,6,0,0.5,86.2,4.5,3,7.38,6.61,0,2.4,0.6,6.3,2.1
14,Wilfried Zaha ,25,0,Crystal Palace ,0,1,0,FW,1,0,0,28(1),2551,9,3,5,0,2.2,75.3,0.1,3,7.38,6.4,4.1,1,0,0,0.2
15,Alexis S?nchez ,29,0,Arsenal  ,0,1,0,FW,1,0,0,17,1508,7,3,4,0,3.6,72.4,0.8,3,7.33,5.96,1.3,1.1,0.1,0,0.3
16,James Tomkins ,29,1,Crystal Palace ,0,1,0,DF,0,0,1,27(1),2388,3,0,8,0,0.8,81.8,4.1,3,7.31,5.77,0.2,1.7,0.4,7.6,2.3
17,Romelu Lukaku ,25,1,Manchester United ,1,0,0,FW,1,0,0,33(1),2869,16,7,4,0,2.5,68.4,3.2,2,7.29,6.47,1,0.2,0.1,0.6,0.1
18,Riyad Mahrez ,27,0,Leicester  ,0,1,0,MF,0,0,0,34(2),2961,12,10,2,0,2,79.6,0.8,5,7.28,6.81,2.3,1.1,0,0.3,0.5
19,Emre Can ,24,1,Liverpool  ,1,0,0,MF,0,0,0,24(2),2094,3,4,8,0,1,85.5,1.8,2,7.28,6.38,0.9,2.6,0.2,1.2,1.1
20,Sadio Man? ,26,0,Liverpool  ,1,0,0,MF,0,0,0,28(1),2207,10,7,3,1,2.4,80.4,0.9,1,7.27,6.62,1.9,1,0,0.2,0.3
21,Aaron Ramsey ,27,1,Arsenal  ,0,1,0,MF,0,0,0,21(3),1848,7,8,0,0,2.3,84.9,0.4,1,7.27,6.48,1.2,1.5,0.1,0.3,1
22,Jan Vertonghen ,31,1,Tottenham  ,1,0,0,DF,0,0,1,36,3205,0,0,4,0,0.7,86.3,3.3,3,7.26,6.58,0.8,1.8,0.3,4.7,1.7
23,Mesut ?zil ,29,1,Arsenal  ,0,1,0,MF,0,0,0,24(2),2164,4,8,4,0,1.5,86.5,0,2,7.25,6.68,1.4,0.8,0,0.2,0.5
24,N'Golo Kant? ,27,1,Chelsea  ,1,0,0,MF,0,0,0,34,2998,1,1,3,0,0.7,89.3,0.5,1,7.25,6.52,1.4,3.3,0.1,0.8,2.5
25,Chris Smalling ,28,1,Manchester United ,1,0,0,DF,0,0,1,28(1),2536,4,0,4,0,0.4,87.6,3.7,1,7.24,6.17,0.1,1.4,1,5.5,2.2
26,James Tarkowski ,25,1,Burnley  ,0,1,0,DF,0,0,1,31,2790,0,0,5,0,0.6,73.1,4.7,4,7.22,6.41,0.4,1.5,1.4,7.1,1.6
27,Phil Jones ,26,1,Manchester United ,1,0,0,DF,0,0,1,23,1975,0,0,2,0,0.1,91.2,2.5,2,7.21,6.48,0.3,1.1,0.7,5.6,1.8
28,Nemanja Matic ,29,1,Manchester United ,1,0,0,MF,0,0,0,35(1),3119,1,1,6,0,0.5,87.7,1.6,0,7.2,6.46,1.5,1.9,0.4,1.6,1.8
29,C?sar Azpilicueta ,28,1,Chelsea  ,1,0,0,DF,0,0,1,37,3330,2,6,1,0,0.4,86.7,2.2,1,7.18,6.54,0.2,2.2,0.6,3.2,1.5
30,Shane Duffy ,26,0,Brighton  ,0,1,0,DF,0,0,1,37,3294,0,1,8,0,0.8,76.4,5.4,3,7.18,6.58,0.2,0.8,1.6,8.8,1.4
31,Fabian Delph ,28,1,Manchester City ,1,0,0,DF,0,0,1,21(1),1746,1,2,2,0,0.5,93,1,1,7.16,6.41,1.4,2.1,0,1.6,1.4
32,Wilfred Ndidi ,21,0,Leicester  ,0,1,0,MF,0,0,0,33,2899,0,3,6,2,1.2,76.1,3.5,2,7.14,6.38,1,4.2,0.3,2.9,1.5
33,Nicol?s Otamendi ,30,0,Manchester City ,1,0,0,DF,0,0,1,33(1),2968,4,0,9,0,0.9,91.9,2.3,5,7.13,6.47,0.1,1.7,0.3,3.6,1.4
34,Marcos Alonso ,27,1,Chelsea  ,1,0,0,MF,0,0,0,33,2860,7,2,6,0,2,79.4,1.8,3,7.13,6.45,0.5,1.5,0.2,1.8,1.4
35,Nacho Monreal ,32,1,Arsenal  ,0,1,0,DF,0,0,1,26(2),2244,5,2,3,0,0.8,89.5,2.2,2,7.13,6.08,0.2,1.9,0.3,2.6,2
36,Ben Mee ,28,1,Burnley  ,0,1,0,DF,0,0,1,29,2610,0,0,5,0,0.9,76.4,4,2,7.12,6,0.1,1.1,1.4,7.2,1.1
37,Kurt Zouma ,23,1,Stoke  ,0,0,1,DF,0,0,1,32(2),2888,1,0,1,0,0.6,78.3,3.2,3,7.12,6.04,0.6,1.5,0.7,6.8,1.8
38,Ashley Young ,33,1,Manchester United ,1,0,0,DF,0,0,1,28(2),2448,2,4,7,0,0.6,79.5,0.6,4,7.12,6.45,1,1.8,0.2,2.4,1.9
39,Andros Townsend ,27,1,Crystal Palace ,0,1,0,FW,1,0,0,35(1),3129,2,7,3,0,1.7,78.6,0.1,1,7.11,6.35,2.3,1.7,0,0.6,1
40,Joseph Gomez ,21,1,Liverpool  ,1,0,0,DF,0,0,1,21(2),1901,0,2,3,0,0.2,84.5,1.4,0,7.11,6.38,1,2.5,0.3,2.1,1.5
41,Christopher Schindler ,28,1,Huddersfield  ,0,0,1,DF,0,0,1,37,3266,0,1,6,1,0.3,81.4,4.2,3,7.11,6.54,0.1,2.2,0.8,7.2,2
42,Cesc F?bregas ,31,1,Chelsea  ,1,0,0,MF,0,0,0,25(7),2309,2,4,4,1,1.2,83.5,0.3,3,7.1,6.31,0.6,2.1,0.1,0.7,0.7
43,Ryan Shawcross ,30,1,Stoke  ,0,0,1,DF,0,0,1,27,2372,1,1,2,0,0.9,67.3,5.7,0,7.09,6.19,0.1,1.3,0.9,8,1.4
44,Dele Alli ,22,1,Tottenham  ,1,0,0,MF,0,0,0,34(2),2972,9,10,7,0,1.9,77.2,0.8,1,7.09,6.28,1.2,1.3,0.2,0.5,0.5
45,Alexandre Lacazette ,27,1,Arsenal  ,0,1,0,FW,1,0,0,26(6),2212,14,4,1,0,2.1,76.7,0.9,1,7.09,6.08,1,0.8,0.1,0.1,0.2
46,Ben Davies ,25,1,Tottenham  ,1,0,0,DF,0,0,1,26(3),2325,2,6,3,0,0.6,80.1,1.6,1,7.08,6.56,0.5,1.6,0.2,2.1,1
47,Ruben Loftus0Che´Ù ,22,1,Crystal Palace ,0,1,0,MF,0,0,0,21(3),1875,2,3,1,0,1.3,82.4,1.3,1,7.08,6.26,3,0.9,0.1,1.1,0.9
48,Laurent Koscielny ,32,1,Arsenal  ,0,1,0,DF,0,0,1,25,2227,2,0,4,0,0.4,89,3.2,1,7.08,6.35,0.1,1.7,0.6,5.4,2.2
49,Harry Maguire ,25,1,Leicester  ,0,1,0,DF,0,0,1,38,3420,2,4,7,0,0.8,78.4,3.1,1,7.08,6.58,1.3,1.7,0.7,4.6,1.3
50,Antonio Valencia ,32,0,Manchester United ,1,0,0,DF,0,0,1,31,2743,3,1,7,0,0.5,85.3,0.7,0,7.07,6.29,0.9,1.8,0.2,1.9,1.5
51,Marko Arnautovic ,29,1,West Ham ,0,1,0,FW,1,0,0,28(3),2323,11,6,5,1,2.3,71.6,0.7,5,7.07,6.19,1.8,0.7,0.1,1,0.4
52,Florian Lejeune ,27,1,Newcastle United ,0,1,0,DF,0,0,1,24,2104,0,2,3,0,0.5,76.8,3.5,1,7.05,6.11,0.5,1.4,0.6,6.1,1.9
53,Kyle Walker ,28,1,Manchester City ,1,0,0,DF,0,0,1,32,2787,0,6,2,1,0.4,87.8,2.2,0,7.05,6.81,0.8,1.5,0.1,2.1,0.9
54,Gabriel Jesus ,21,0,Manchester City ,1,0,0,FW,1,0,0,19(10),1673,13,3,6,0,1.9,79.7,0.7,1,7.05,6.75,0.8,0.8,0,0.2,0.3
55,Manuel Lanzini ,25,0,West Ham ,0,1,0,MF,0,0,0,23(4),2049,5,6,4,0,1.6,87.6,0.1,2,7.04,5.96,2.4,0.7,0,0.2,1.1
56,Jamaal Lascelles ,24,1,Newcastle United ,0,1,0,DF,0,0,1,32(1),2928,3,0,5,0,0.4,77.1,3.9,1,7.04,6.08,0.2,0.9,0.7,7,0.8
57,Kieran Trippier ,27,1,Tottenham  ,1,0,0,DF,0,0,1,21(3),1914,0,5,1,0,0.3,81.4,1.5,0,7.04,5.94,0.5,2.2,0.3,1.9,0.8
58,Arthur Masuaku ,24,1,West Ham ,0,1,0,DF,0,0,1,21(6),1873,0,3,5,0,0.3,80.6,0.9,2,7.02,5.63,3.1,2.1,0.1,1.2,1
59,Lewis Dunk ,26,1,Brighton  ,0,1,0,DF,0,0,1,38,3420,1,1,7,0,0.7,78.4,3.2,1,7.02,6.83,0.3,1.7,1.5,5.9,1.9
60,Johann Berg Gudmundsson,27,1,Burnley  ,0,1,0,MF,0,0,0,32(3),2840,2,8,2,0,1.5,73.7,1.2,0,7.02,6.91,1,1.2,0,0.9,1
61,Andrew Robertson ,24,1,Liverpool  ,1,0,0,DF,0,0,1,22,1943,1,5,2,0,0.5,87.1,0.7,1,7.02,6.37,0.4,1.4,0.1,2.2,1.2
62,Granit Xhaka ,25,1,Arsenal  ,0,1,0,MF,0,0,0,37(1),3266,1,7,10,0,1.7,86.9,1.3,0,7.02,6.56,0.5,2.1,0.2,1.7,1
63,Trent Alexander0Arnold ,19,1,Liverpool  ,1,0,0,DF,0,0,1,18(1),1576,1,1,3,0,0.6,77.3,0.3,0,7.02,5.82,1.1,1.9,0.3,2.1,1.5
64,Luka Milivojevic ,27,1,Crystal Palace ,0,1,0,MF,0,0,0,35(1),3082,10,1,8,0,1.2,80.2,1.4,1,7.01,6.27,0.8,2.4,0.3,2.1,2
65,Craig Dawson ,28,1,West Bromwich Albion,0,0,1,DF,0,0,1,28,2509,2,0,6,0,0.6,69.5,4.1,4,7.01,6.25,0.3,1.4,0.9,4.7,1.9
66,Willian  ,29,0,Chelsea  ,1,0,0,MF,0,0,0,20(16),1883,6,7,1,0,1.5,80.2,0.3,4,7.01,6.3,1.9,0.6,0,0.3,0.3
67,Abdoulaye Doucour? ,25,0,Watford  ,0,1,0,MF,0,0,0,37,3325,7,3,10,0,1.3,83.6,1.2,1,7,6.11,1.1,2.1,0.3,1.5,1.5
68,Dejan Lovren ,29,1,Liverpool  ,1,0,0,DF,0,0,1,24(5),2125,2,1,4,0,0.5,88.5,3.6,2,6.99,6.49,0,0.9,0.5,4.9,1.3
69,Son Heung0Min ,26,0,Tottenham  ,1,0,0,FW,1,0,0,27(10),2312,12,6,0,0,2,85.2,0.1,3,6.99,6.11,1.6,0.5,0,0.2,0.3
70,Ahmed Hegazi ,27,0,West Bromwich Albion,0,0,1,DF,0,0,1,38,3387,2,0,4,0,0.4,73.2,2.7,3,6.98,6.65,0.6,1.6,1,7.2,1.6
71,Jamie Vardy ,31,1,Leicester  ,0,1,0,FW,1,0,0,37,3258,20,1,3,0,1.9,60.5,2.1,0,6.98,5.9,0.6,0.4,0,0.5,0.1
72,Cuco Martina ,28,1,Everton  ,0,1,0,DF,0,0,1,20(1),1831,0,2,1,0,0.1,77.9,1.1,0,6.98,6.61,0.1,2.9,0.2,5.6,2
73,Matthew Lowton ,29,1,Burnley  ,0,1,0,DF,0,0,1,25(1),2295,0,3,1,0,0.2,68.9,1.3,1,6.97,6.11,0.4,2.1,0.6,4.3,1.5
74,Simon Francis ,33,1,Bournemouth  ,0,1,0,DF,0,0,1,31(1),2710,0,1,8,1,0.4,73.5,4.4,1,6.96,6.09,0.3,1.5,0.6,5.5,1.5
75,Eric Dier ,24,1,Tottenham  ,1,0,0,MF,0,0,0,32(2),2827,0,2,4,0,0.9,86.3,2.4,0,6.96,6.19,0.4,1.8,0.3,2.4,1.4
76,Idrissa Gueye ,28,0,Everton  ,0,1,0,MF,0,0,0,32(1),2757,2,1,6,1,0.7,84.7,1,1,6.95,6.58,0.5,3.5,0.3,1.3,1.9
77,Jordan Henderson ,28,1,Liverpool  ,1,0,0,MF,0,0,0,25(2),2173,1,1,1,0,0.6,84.4,1,0,6.95,6.35,0.3,1.9,0.1,0.7,1.1
78,Davinson S?nchez ,22,0,Tottenham  ,1,0,0,DF,0,0,1,29(2),2535,0,0,1,1,0.3,89.4,2.4,0,6.94,6.07,0.3,1.2,0.3,5.1,1.2
79,Michael Keane ,25,1,Everton  ,0,1,0,DF,0,0,1,29(1),2561,0,1,3,0,0.5,77.8,4.3,0,6.94,6.3,0.2,1.1,0.9,6.9,1.8
80,?lvaro Morata ,25,1,Chelsea  ,1,0,0,FW,1,0,0,24(7),2067,11,6,7,0,2.5,73.3,1.7,1,6.94,5.96,1,0.4,0.1,0.6,0.2
81,Christian Kabasele ,27,1,Watford  ,0,1,0,DF,0,0,1,27(1),2332,2,0,5,0,0.4,74.8,3.7,2,6.93,6.3,0.1,1.5,0.8,6.2,1.2
82,Mario Lemina ,24,0,Southampton  ,0,0,1,MF,0,0,0,20(5),1723,1,1,2,0,0.9,87.8,1,3,6.93,6.5,2.2,2.2,0.2,1.3,1.4
83,Eric Maxim Choupo0Moting,29,0,Stoke  ,0,0,1,FW,1,0,0,26(4),2248,5,5,3,0,2,73,2,3,6.93,6.06,2,1.4,0.1,0.8,0.8
84,Chris Brunt ,33,1,West Bromwich Albion,0,0,1,MF,0,0,0,22(4),1923,0,7,5,0,1,73.6,0.6,0,6.93,6.04,0.6,1.6,0.2,1.5,0.8
85,Oriol Romeu ,26,1,Southampton  ,0,0,1,MF,0,0,0,34,2903,1,0,11,0,0.8,82.6,2.9,1,6.92,6.37,0.4,2.7,0.6,2.1,2
86,Antonio R?diger ,25,1,Chelsea  ,1,0,0,DF,0,0,1,25(2),2336,2,1,4,0,0.6,89.5,2.2,1,6.92,6.08,0.3,1.1,0.6,3.7,0.9
87,Sead Kolasinac ,25,1,Arsenal  ,0,1,0,DF,0,0,1,25(2),2152,2,4,3,0,0.8,80.1,1.7,1,6.92,6.16,0.4,1.8,0.1,2,1
88,Joel Matip ,26,0,Liverpool  ,1,0,0,DF,0,0,1,22(3),1995,1,0,3,0,0.4,88.7,2.3,0,6.92,6.47,0.1,1.4,0.6,3.8,1.4
89,Jordan Ayew ,26,0,Swansea  ,0,0,1,FW,1,0,0,33(3),2859,7,2,2,1,1.8,82.6,1.4,6,6.91,6.25,2.1,2.3,0.1,0.5,0.7
90,Danilo  ,27,0,Manchester City ,1,0,0,DF,0,0,1,13(10),1342,3,2,2,0,0.8,89.9,0.7,2,6.91,6.05,0.3,1.9,0.3,1.2,0.8
91,Christian Benteke ,27,1,Crystal Palace ,0,1,0,FW,1,0,0,24(7),2238,3,5,6,0,1.9,56.4,7.8,2,6.91,6.07,0.5,0.4,0.1,1.4,0.1
92,Victor Moses ,27,0,Chelsea  ,1,0,0,MF,0,0,0,25(3),2119,3,3,3,0,1.3,76.6,1,1,6.9,6.29,1.1,1.3,0.1,1.1,0.5
93,Mousa Demb?l? ,31,1,Tottenham  ,1,0,0,MF,0,0,0,21(7),1886,0,0,6,0,0.4,92.2,0.3,0,6.9,6.22,2.4,1.3,0,0.4,1.2
94,Steve Cook ,27,1,Bournemouth  ,0,1,0,DF,0,0,1,31(3),2766,2,1,5,0,0.6,75.8,4,1,6.89,5.83,0,1.1,1.3,6.6,1.6
95,Mike van der Hoorn,25,1,Swansea  ,0,0,1,DF,0,0,1,24,1952,1,0,4,0,0.4,76.3,2.4,0,6.89,5.86,0.4,1.3,0.6,5.1,1.6
96,Wesley Hoedt ,24,1,Southampton  ,0,0,1,DF,0,0,1,28,2520,0,1,7,0,0.5,78.9,2.2,1,6.89,6.2,0.9,2.1,0.6,6.1,1.4
97,Stephen Ward ,32,0,Burnley  ,0,1,0,DF,0,0,1,28,2462,1,1,1,0,0.2,69.1,2.1,1,6.89,6.71,0.2,1.4,0.4,3.6,1.5
98,Nathan Ak? ,23,1,Bournemouth  ,0,1,0,DF,0,0,1,37(1),3354,2,3,5,0,0.5,83.9,2.8,0,6.88,6.4,0.3,1.4,0.6,6,1.3
99,Michail Antonio ,28,1,West Ham ,0,1,0,MF,0,0,0,16(5),1358,3,1,1,0,1.6,67.8,2,0,6.88,6.11,2.4,0.7,0,0.7,0.6
100,Gylfi Sigurdsson ,28,1,Everton  ,0,1,0,MF,0,0,0,25(2),2262,4,3,2,0,1.4,74.9,0.7,1,6.88,6.73,0.7,1.4,0.3,1.1,1.3
101,Alex Iwobi ,22,0,Arsenal  ,0,1,0,MF,0,0,0,22(4),1844,3,5,1,0,1.7,86.6,0.1,0,6.88,6.26,1.4,0.7,0,0.3,0.3
102,Joshua King ,26,1,Bournemouth  ,0,1,0,FW,1,0,0,27(6),2456,8,3,3,0,1.5,72.9,2.1,3,6.88,6.26,1.9,1.1,0.1,0.4,0.1
103,Alex Oxlade Chamberlain,24,1,Liverpool  ,1,0,0,MF,0,0,0,14(18),1485,3,7,3,0,1.2,81.9,0.3,1,6.88,6.14,1.3,1,0,0.2,0.6
104,Anthony Martial ,22,1,Manchester United ,1,0,0,FW,1,0,0,18(12),1584,9,5,1,0,1.6,81.9,0.5,0,6.87,6.29,1.4,0.5,0,0.2,0.1
105,Junior Stanislas ,28,1,Bournemouth  ,0,1,0,MF,0,0,0,17(2),1299,5,2,1,0,2.4,77.3,0.5,3,6.87,5.95,1.1,0.8,0.3,0.6,0.3
106,Joe Allen ,28,1,Stoke  ,0,0,1,MF,0,0,0,36,3142,2,6,8,0,0.7,81.1,1,3,6.87,6.21,1.2,2.7,0.3,1.5,1.6
107,Jonjoe Kenny ,21,1,Everton  ,0,1,0,DF,0,0,1,17(2),1589,0,1,2,0,0.2,68.5,2,0,6.87,6.11,0.3,2.2,0.4,3.8,1.5
108,Xherdan Shaqiri ,26,1,Stoke  ,0,0,1,MF,0,0,0,36,3049,8,7,5,0,1.9,79.5,0.1,2,6.87,6,1.1,0.7,0,0.1,0.4
109,Juan Mata ,30,1,Manchester United ,1,0,0,MF,0,0,0,23(5),1933,3,5,1,0,1,86.7,0.1,1,6.87,5.88,0.6,0.6,0,0.3,0.5
110,Tiemou? Bakayoko ,23,1,Chelsea  ,1,0,0,MF,0,0,0,24(5),2126,2,2,3,1,1.4,86.2,1.4,1,6.87,6.18,1.2,2.2,0.2,1.2,1.3
111,Gary Cahill ,32,1,Chelsea  ,1,0,0,DF,0,0,1,24(3),2084,0,0,1,1,0.4,89,3.4,0,6.87,6.25,0.1,1.1,0.5,4.6,1
112,Aaron Mooy ,27,0,Huddersfield  ,0,0,1,MF,0,0,0,34(2),3071,4,3,5,0,0.8,79.5,0.9,0,6.86,6.25,0.4,2.8,0.1,1.3,1.1
113,Maya Yoshida ,29,0,Southampton  ,0,0,1,DF,0,0,1,23(1),2051,2,0,2,1,0.8,84.2,2.8,0,6.86,5.81,0.1,1.1,0.6,5.4,1.7
114,Peter Crouch ,37,1,Stoke  ,0,0,1,FW,1,0,0,14(17),1555,5,2,4,0,0.7,58.8,7.8,1,6.85,6.21,0.2,0.1,0.1,1,0
115,Mohamed Diam? ,31,0,Newcastle United ,0,1,0,MF,0,0,0,23(8),2043,2,0,3,0,0.6,81.5,2,1,6.85,6.18,0.8,2.9,0.2,0.9,1.5
116,Pedro Obiang ,26,1,West Ham ,0,1,0,MF,0,0,0,18(3),1565,2,0,3,0,0.6,80.5,1,2,6.85,6.09,1.1,2.5,0.8,0.9,1.1
117,Vicente Iborra ,30,1,Leicester  ,0,1,0,MF,0,0,0,17(2),1417,3,0,0,0,0.7,81.4,1.7,1,6.85,5.96,0.6,1.2,0.6,2.6,1
118,Mikel Merino ,22,1,Newcastle United ,0,1,0,MF,0,0,0,14(10),1343,1,1,4,0,0.7,79.3,1.6,1,6.85,5.94,1.2,2.3,0.3,1,1.4
119,Richarlison  ,21,0,Watford  ,0,1,0,FW,1,0,0,32(6),2827,5,4,4,0,2.5,63.9,3.2,4,6.84,6.14,1.2,1.7,0.1,0.8,0.6
120,Kyle Naughton ,29,1,Swansea  ,0,0,1,DF,0,0,1,34,3033,0,2,1,0,0.4,74.8,2,0,6.84,6.17,0.7,2.7,0.4,3,1.8
121,Matt Ritchie ,28,1,Newcastle United ,0,1,0,MF,0,0,0,32(3),2812,3,5,6,0,1.7,72.5,0.9,1,6.84,6.17,0.5,1.3,0.1,1.5,1
122,Jack Wilshere ,26,1,Arsenal  ,0,1,0,MF,0,0,0,12(8),1188,1,3,6,0,0.8,86.4,0.4,1,6.82,6.28,2.3,0.8,0.1,0.3,0.4
123,Phil Jagielka ,35,1,Everton  ,0,1,0,DF,0,0,1,23(2),2065,0,0,2,0,0.3,75.9,2.7,2,6.82,6.17,0,1.3,0.8,7.1,1.6
124,Jesse Lingard ,25,1,Manchester United ,1,0,0,MF,0,0,0,20(13),1823,8,5,2,0,1.7,87.8,0.2,1,6.82,5.87,0.8,0.9,0.1,0.3,0.3
125,Joel Ward ,28,1,Crystal Palace ,0,1,0,DF,0,0,1,19,1616,0,1,4,0,0.3,71.8,1.7,0,6.82,6.2,0.4,1.8,0.6,3.2,1.5
126,Ben Chilwell ,21,1,Leicester  ,0,1,0,DF,0,0,1,20(4),1852,0,2,1,1,0.3,73.9,2.8,1,6.82,5.85,1.3,1.5,0.2,2.6,1.2
127,Christian Fuchs ,32,1,Leicester  ,0,1,0,DF,0,0,1,21(4),1918,0,1,1,0,0.4,74.1,2.4,2,6.81,6.06,0.4,1.6,0.1,2.8,2.3
128,Pascal Gro©¬ ,27,1,Brighton  ,0,1,0,MF,0,0,0,35(3),2949,7,8,2,0,1.2,76.2,0.3,2,6.81,6.19,0.3,0.9,0.1,0.5,0.4
129,Alfie Mawson ,24,1,Swansea  ,0,0,1,DF,0,0,1,38,3420,2,1,3,0,0.5,81.1,3.2,0,6.81,6.61,0.6,0.8,0.8,5.8,0.9
130,Ragnar Klavan ,32,0,Liverpool  ,1,0,0,DF,0,0,1,16(3),1449,1,0,0,0,0.1,90.7,2.1,0,6.81,5.65,0.2,0.7,0.3,4.3,0.8
131,Mark Noble ,31,1,West Ham ,0,1,0,MF,0,0,0,28(1),2405,4,0,6,0,0.5,83.9,0.3,1,6.81,6.29,0.7,2.1,0.3,0.7,1.7
132,Mamadou Sakho ,28,1,Crystal Palace ,0,1,0,DF,0,0,1,18(1),1599,1,2,1,0,0.2,85.5,2.2,0,6.81,6.04,0.3,1.1,0.6,5.2,1.6
133,Cheikhou Kouyat? ,28,0,West Ham ,0,1,0,MF,0,0,0,32(1),2803,2,3,5,0,0.7,76,3.7,2,6.8,6.11,0.6,2.2,0.3,1.5,1
134,Marc Albrighton ,28,1,Leicester  ,0,1,0,MF,0,0,0,30(4),2544,2,7,5,1,0.6,67.2,0.3,2,6.8,6.57,1.5,1.5,0.1,0.7,0.8
135,Andreas Christensen ,22,1,Chelsea  ,1,0,0,DF,0,0,1,23(4),2071,0,0,0,0,0.4,93.4,2.1,0,6.8,6.23,0.2,1,0.6,3.9,1.4
136,Yohan Cabaye ,32,1,Crystal Palace ,0,1,0,MF,0,0,0,28(3),2389,0,1,7,0,1.2,82.4,0.2,1,6.8,6.33,0.3,2.3,0.1,0.9,2.5
137,Patrick van Aanholt,27,1,Crystal Palace ,0,1,0,DF,0,0,1,25(3),2186,5,1,7,0,1.2,77.2,0.2,1,6.8,6.03,0.9,1.7,0.2,2,1.7
138,Jack Stephens ,24,1,Southampton  ,0,0,1,DF,0,0,1,22,1980,2,0,6,1,0.5,75.5,2,1,6.79,6.08,0.8,1.3,0.8,4.8,1.9
139,Dale Stephens ,29,1,Brighton  ,0,1,0,MF,0,0,0,36,3240,0,3,6,0,0.5,83.9,0.8,0,6.79,6.34,0.5,2.8,0.4,1.9,1.8
140,H?ctor Beller?n ,23,1,Arsenal  ,0,1,0,DF,0,0,1,34(1),3051,2,3,5,0,0.8,84.9,1,0,6.79,6.18,0.7,1.6,0.2,2,0.7
141,Chris Wood ,26,0,Burnley  ,0,1,0,FW,1,0,0,20(4),1634,10,1,1,0,1.6,60.2,3.5,1,6.79,6.43,0.3,0.3,0.2,0.7,0
142,Ciaran Clark ,28,0,Newcastle United ,0,1,0,DF,0,0,1,19(1),1745,2,1,3,0,0.6,71.7,2.1,0,6.79,6.19,0.2,1.3,0.5,7,0.9
143,Georginio Wijnaldum ,27,1,Liverpool  ,1,0,0,MF,0,0,0,27(6),2387,1,2,1,0,1.2,89.9,0.5,0,6.79,6.36,1.3,1,0.1,0.6,0.8
144,Anthony Knockaert ,26,1,Brighton  ,0,1,0,MF,0,0,0,27(6),2427,3,1,4,1,1.4,83.3,0.5,4,6.79,6.41,1.8,1.2,0.1,0.4,0.7
145,Bernardo Silva ,23,1,Manchester City ,1,0,0,MF,0,0,0,15(20),1520,6,4,0,0,0.7,87,0.1,1,6.79,6.22,0.8,0.8,0,0.3,0.3
146,James Milner ,32,1,Liverpool  ,1,0,0,MF,0,0,0,16(16),1764,0,3,3,0,0.7,86.4,0.7,1,6.78,6.66,0.4,1.8,0.2,0.7,0.7
147,Dusan Tadic ,29,1,Southampton  ,0,0,1,MF,0,0,0,34(2),2813,6,3,4,0,1.1,74.8,0.2,2,6.78,6.22,1.5,1.3,0.1,0.5,0.5
148,Steve Mounie ,23,0,Huddersfield  ,0,0,1,FW,1,0,0,21(7),1858,7,1,2,0,1.8,62,5.2,3,6.78,5.83,0.5,0.4,0.1,1,0.3
149,Salom?n Rond?n ,28,0,West Bromwich Albion,0,0,1,FW,1,0,0,32(4),2772,7,3,4,0,2.2,67,4.5,2,6.77,5.92,1.3,0.4,0,0.6,0.4
150,Steven Defour ,30,1,Burnley  ,0,1,0,MF,0,0,0,24,2009,1,1,6,0,0.8,83.8,0.2,0,6.77,6.42,0.5,1.4,0.3,0.8,1.9
151,Jonny Evans ,30,1,West Bromwich Albion,0,0,1,DF,0,0,1,26(2),2273,2,2,7,0,0.4,80,1.9,1,6.76,6,0.3,1,0.5,4.4,1.7
152,Daryl Janmaat ,29,1,Watford  ,0,1,0,DF,0,0,1,21(2),1822,3,0,3,0,1,75.9,1.2,1,6.76,6.22,0.4,2,0.2,2.3,1.4
153,Jonathan Hogg ,29,1,Huddersfield  ,0,0,1,MF,0,0,0,29(1),2408,0,0,8,1,0.4,85.1,1.2,1,6.76,5.85,0.3,3.1,0.4,1.5,2.3
154,Jos? Holebas ,34,1,Watford  ,0,1,0,DF,0,0,1,26(2),2382,0,4,7,0,0.6,68.4,1.6,0,6.76,5.94,0.8,1.8,0.3,2.9,1
155,Angelo Ogbonna ,30,1,West Ham ,0,1,0,DF,0,0,1,32,2880,1,0,3,0,0.3,79.7,2.5,0,6.76,5.88,0.3,1,0.8,6,1.8
156,Federico Fern?ndez ,29,0,Swansea  ,0,0,1,DF,0,0,1,30,2677,1,1,5,0,0.3,82.3,2.4,1,6.76,6.16,0,1.3,0.9,6.6,1.3
157,Mame Biram Diouf,30,0,Stoke  ,0,0,1,FW,1,0,0,30(5),2602,6,2,6,0,1.7,57.3,4.1,2,6.76,6.13,0.3,1.4,0,2,0.4
158,Paul Dummett ,26,1,Newcastle United ,0,1,0,DF,0,0,1,19(1),1603,0,0,1,0,0.2,69.4,2.8,0,6.76,5.67,0,1.4,0.5,4.6,1.2
159,Marcus Rashford ,20,1,Manchester United ,1,0,0,FW,1,0,0,17(18),1810,7,5,3,0,1.7,78.3,0.5,1,6.76,6,1.3,0.4,0,0.4,0.2
160,Kiko Femen?a ,27,1,Watford  ,0,1,0,DF,0,0,1,19(4),1715,1,1,2,0,0.4,83.2,0.4,0,6.76,5.9,1.1,1.6,0.1,1.3,1.5
161,DeAndre Yedlin ,25,0,Newcastle United ,0,1,0,DF,0,0,1,31(3),2842,0,2,5,0,0.2,75,1.4,0,6.75,6.33,0.9,1.7,0.2,2.7,1.3
162,Davy Pr?pper ,26,1,Brighton  ,0,1,0,MF,0,0,0,35,3120,0,4,2,1,1,78.1,1.4,0,6.75,6.21,1.1,2.1,0.3,2,1.7
163,James McArthur ,30,1,Crystal Palace ,0,1,0,MF,0,0,0,27(6),2434,5,1,5,0,0.9,79.1,1.2,0,6.75,6.52,0.8,1.8,0.1,1.1,1.1
164,Pablo Zabaleta ,33,0,West Ham ,0,1,0,DF,0,0,1,37,3291,0,1,9,0,0.2,73.2,1.6,0,6.75,5.68,0.2,2.6,0.4,3.4,1.6
165,Joselu  ,28,1,Newcastle United ,0,1,0,FW,1,0,0,19(11),1716,4,1,2,0,1.6,62.7,4.8,0,6.74,6.35,0.2,0.7,0.1,1.2,0.4
166,Etienne Capoue ,30,1,Watford  ,0,1,0,MF,0,0,0,18(5),1542,1,0,3,0,1,82.4,1.8,0,6.74,5.62,0.6,1.9,0,1.5,1.9
167,Jack Cork ,29,1,Burnley  ,0,1,0,MF,0,0,0,38,3420,2,1,7,0,0.4,80.6,1.5,0,6.74,5.96,0.8,1.6,0.4,2.1,1.1
168,Ayoze P?rez ,24,1,Newcastle United ,0,1,0,FW,1,0,0,28(8),2497,8,5,3,0,1.7,71.3,1.2,3,6.74,6,0.9,1.1,0,0.7,0.7
169,Matt Phillips ,27,1,West Bromwich Albion,0,0,1,MF,0,0,0,23(7),2097,2,2,3,0,0.9,72.6,1.2,0,6.73,6.29,1.5,0.9,0,0.9,0.8
170,Lewis Cook ,21,1,Bournemouth  ,0,1,0,MF,0,0,0,25(4),2239,0,2,5,0,0.6,79.4,0.5,0,6.73,6.33,1.7,2.3,0.4,0.7,1.2
171,Ilkay G?ndogan ,27,1,Manchester City ,1,0,0,MF,0,0,0,15(15),1510,4,1,3,0,1.2,91.7,0.1,0,6.73,6,0.9,0.9,0,0.3,0.5
172,Adam Smith ,27,1,Bournemouth  ,0,1,0,DF,0,0,1,22(5),2069,1,3,6,0,0.5,82.3,0.6,0,6.73,6.18,1.1,1.8,0.3,2.1,1.1
173,Leighton Baines ,33,1,Everton  ,0,1,0,DF,0,0,1,22,1910,2,3,1,0,0.3,80.1,0.6,1,6.73,6.13,0.4,1.1,0.3,2.1,1.1
174,Andrew Surman ,31,0,Bournemouth  ,0,1,0,MF,0,0,0,20(5),1852,2,5,2,0,0.7,84.4,1.4,1,6.73,6.13,0.5,0.6,0.5,2,0.6
175,Erik Pieters ,29,1,Stoke  ,0,0,1,DF,0,0,1,30(1),2720,0,1,5,0,0.1,71.7,1.7,1,6.73,6.06,0.3,2.3,0.8,3.4,2
176,Dominic Calvert0Lewin ,21,1,Everton  ,0,1,0,FW,1,0,0,18(14),1876,4,6,4,0,1.3,60.9,4.2,2,6.72,6.45,0.7,0.5,0,0.7,0.3
177,Ryan Fraser ,24,1,Bournemouth  ,0,1,0,MF,0,0,0,23(3),2010,5,3,0,0,1.2,76.6,0.3,1,6.71,5.84,0.4,0.4,0.2,1.1,0.7
178,Zanka  ,28,1,Huddersfield  ,0,0,1,DF,0,0,1,38,3420,0,2,6,0,0.3,76.7,2.3,1,6.71,6.37,0.1,1.4,0.5,6.3,2
179,Jonjo Shelvey ,26,1,Newcastle United ,0,1,0,MF,0,0,0,25(5),2269,1,3,2,2,1.4,72.4,0.7,1,6.7,6.2,0.8,1.3,0.2,0.9,0.9
180,Bruno  ,37,1,Brighton  ,0,1,0,DF,0,0,1,23(2),2018,0,0,3,0,0.1,82,1.1,0,6.7,5.79,0.6,1.2,0.4,2.4,1.5
181,Ashley Williams ,33,1,Everton  ,0,1,0,DF,0,0,1,20(4),1835,1,0,3,1,0.5,80.7,2.2,1,6.7,6.58,0.1,1,1,7.1,1.5
182,Aaron Cresswell ,28,1,West Ham ,0,1,0,DF,0,0,1,35(1),3073,1,7,7,0,0.6,77.2,1.6,0,6.69,5.72,0.1,1,0.5,3.1,1.3
183,Kieran Gibbs ,28,1,West Bromwich Albion,0,0,1,DF,0,0,1,32(1),2831,0,1,3,0,0.3,74.9,1.3,0,6.69,5.83,0.7,1.2,0.4,2.5,1.5
184,Sofiane Boufal ,24,0,Southampton  ,0,0,1,MF,0,0,0,11(15),1215,2,2,1,0,1.2,78.6,0.2,1,6.68,5.96,2.3,1.4,0,0.2,0.2
185,Leroy Fer ,28,1,Swansea  ,0,0,1,MF,0,0,0,15(5),1399,1,1,5,0,0.6,81,2.1,0,6.67,6.15,1.3,2.2,0.2,1.2,0.6
186,Geoff Cameron ,33,0,Stoke  ,0,0,1,DF,0,0,1,17(3),1526,0,0,2,0,0.3,72.3,2,0,6.67,6.3,0.7,1.7,0.4,3.1,1.8
187,Tom Cleverley ,28,1,Watford  ,0,1,0,MF,0,0,0,22(1),1905,1,2,1,1,0.7,82.3,1,0,6.66,7.14,0.2,2.1,0,0.8,1.1
188,Pedro  ,30,1,Chelsea  ,1,0,0,MF,0,0,0,17(14),1524,4,2,1,0,1.8,83,0,0,6.66,6.68,1.1,0.6,0,0.2,0.4
189,Ryan Bertrand ,28,1,Southampton  ,0,0,1,DF,0,0,1,35,3137,0,4,2,0,0.6,78.9,1.3,0,6.66,5.86,0.5,1.4,0.3,1.7,1.3
190,Jeffrey Schlupp ,25,0,Crystal Palace ,0,1,0,DF,0,0,1,21(3),1748,0,1,3,0,0.6,74.2,1.6,0,6.66,6.12,0.5,2.4,0.3,2.3,1
191,Jordon Ibe ,22,1,Bournemouth  ,0,1,0,MF,0,0,0,22(10),2002,2,6,1,0,1.7,80.4,0.1,2,6.65,6.14,1.2,0.4,0,0.3,0.3
192,Adrian Mariappa ,31,0,Watford  ,0,1,0,DF,0,0,1,24(4),2209,0,0,4,0,0.4,77,3.2,0,6.65,6.26,0.1,1.6,0.6,4.6,1.6
193,Charlie Daniels ,31,1,Bournemouth  ,0,1,0,DF,0,0,1,34(1),3005,1,3,0,0,0.6,78.7,1.3,0,6.64,6.26,0.4,1.4,0.2,2.7,0.9
194,Oumar Niasse ,28,0,Everton  ,0,1,0,FW,1,0,0,10(12),1083,8,2,2,0,1.7,62.4,1.5,1,6.64,6.08,0.9,0.5,0.1,0.3,0.1
195,Nathan Redmond ,24,1,Southampton  ,0,0,1,MF,0,0,0,22(9),1947,1,3,3,0,1.4,76.7,0.1,2,6.64,6.1,1.8,1,0,0.5,0.5
196,Steven Davis ,33,1,Southampton  ,0,0,1,MF,0,0,0,17(6),1521,3,0,0,0,0.6,83.6,0.6,0,6.64,6.61,0.4,1.3,0.3,1,0.7
197,Wayne Rooney ,32,1,Everton  ,0,1,0,FW,1,0,0,27(4),2284,10,2,5,0,1.5,77.7,0.8,2,6.64,6.11,0.3,0.9,0.2,1.2,0.5
198,Jos? Izquierdo ,26,1,Brighton  ,0,1,0,MF,0,0,0,23(9),1989,5,3,2,0,1.6,78.4,0.5,0,6.62,6.3,0.9,0.8,0,0.8,0.5
199,Grzegorz Krychowiak ,28,1,West Bromwich Albion,0,0,1,MF,0,0,0,20(7),1643,0,2,2,0,0.6,78.4,1,0,6.62,6,0.7,1.5,0.2,0.9,1.7
200,Andr? Carrillo ,27,0,Watford  ,0,1,0,MF,0,0,0,16(12),1537,1,2,2,0,0.9,76.6,0.5,1,6.62,5.87,2.1,1.1,0,0.4,0.5
201,Jay Rodriguez ,28,1,West Bromwich Albion,0,0,1,FW,1,0,0,31(6),2824,7,1,2,0,1.9,72.3,2.1,2,6.61,6.29,0.8,0.8,0.1,1,0.5
202,Troy Deeney ,30,1,Watford  ,0,1,0,FW,1,0,0,20(9),1842,5,2,1,1,1.2,56.6,4.7,1,6.61,6.24,0.1,0.5,0,0.7,0.2
203,Wes Morgan ,34,0,Leicester  ,0,1,0,DF,0,0,1,32,2818,0,0,4,0,0.4,81.1,2.9,0,6.61,6.22,0.3,1.1,0.8,4.5,1
204,Pierre0Emile H©ªjbjerg ,22,1,Southampton  ,0,0,1,MF,0,0,0,19(4),1671,0,0,6,0,0.7,85,1.2,0,6.61,6.08,0.9,2,0.1,1,1.6
205,Davide Zappacosta ,26,1,Chelsea  ,1,0,0,DF,0,0,1,12(10),1096,1,1,0,0,1.1,84.9,0.6,0,6.61,5.67,0.6,1.2,0.1,0.9,0.3
206,Ki Sung0yueng ,29,0,Swansea  ,0,0,1,MF,0,0,0,21(4),1870,2,2,2,0,0.8,88,0.2,1,6.61,6.55,0.3,1,0,0.8,1.3
207,Ander Herrera ,28,1,Manchester United ,1,0,0,MF,0,0,0,13(13),1262,0,2,5,0,0.5,87.6,0.3,0,6.6,6.43,0.4,2.2,0.2,0.8,1.3
208,Solly March ,24,1,Brighton  ,0,1,0,MF,0,0,0,18(18),1844,1,1,3,0,0.8,77.8,0.6,1,6.6,6.1,1.3,1.5,0.1,0.8,0.4
209,Ga?tan Bong ,30,0,Brighton  ,0,1,0,DF,0,0,1,25,2238,0,0,2,0,0.2,70.5,1.2,0,6.59,6.35,0.6,1.6,0.2,2.8,1.6
210,Glenn Murray ,34,1,Brighton  ,0,1,0,FW,1,0,0,25(10),2198,12,0,9,0,1.5,55.1,3.3,3,6.59,6.04,0.2,0.5,0.1,0.8,0.1
211,James Ward0Prowse ,23,1,Southampton  ,0,0,1,MF,0,0,0,20(10),1717,3,3,3,0,0.9,78.8,0.7,1,6.58,5.8,0.2,0.8,0,0.6,0.3
212,Chicharito  ,30,0,West Ham ,0,1,0,FW,1,0,0,16(12),1544,8,0,3,0,1,73.2,0.5,1,6.58,6.28,0.8,0.4,0,0,0.2
213,Danny Simpson ,31,0,Leicester  ,0,1,0,DF,0,0,1,27(1),2313,0,0,4,0,0.1,74.4,1.4,0,6.58,6.21,0.4,1.4,0.7,3.4,1.2
214,Dan Gosling ,28,1,Bournemouth  ,0,1,0,MF,0,0,0,21(7),1944,2,1,8,0,0.8,77.2,1.9,0,6.58,5.82,0.6,1.8,0.3,0.9,0.9
215,Shinji Okazaki ,32,0,Leicester  ,0,1,0,FW,1,0,0,17(10),1330,6,2,2,0,1,73.3,1.1,1,6.58,6.48,0.6,0.9,0,0.2,0.3
216,Laurent Depoitre ,29,1,Huddersfield  ,0,0,1,FW,1,0,0,18(15),1811,6,1,1,0,0.8,57.1,3.8,4,6.58,6.03,0.4,0.4,0.1,1.1,0.3
217,Allan Nyom ,30,0,West Bromwich Albion,0,0,1,DF,0,0,1,25(4),2309,0,1,7,0,0.1,76.2,0.8,1,6.57,6.17,0.3,2.2,0.3,2.9,0.9
218,C?dric Soares ,26,1,Southampton  ,0,0,1,DF,0,0,1,32,2797,0,3,3,0,0.7,73.3,1,0,6.57,5.71,0.2,1.7,0.3,2.6,0.8
219,Timothy Fosu0Mensah ,20,1,Crystal Palace ,0,1,0,DF,0,0,1,17(4),1594,0,0,2,0,0.4,74.5,0.9,0,6.57,5.96,0.5,2,0.4,3.1,1.5
220,Ashley Barnes ,28,1,Burnley  ,0,1,0,FW,1,0,0,21(15),2159,9,0,10,0,1.7,60.8,2.5,1,6.57,5.8,0.4,0.6,0.1,0.5,0.1
221,Gareth Barry ,37,1,West Bromwich Albion,0,0,1,MF,0,0,0,22(3),1927,1,1,4,0,0.6,76.5,1.3,0,6.57,6.38,0.4,1.4,0.4,1.3,0.6
222,Morgan Schneiderlin ,28,1,Everton  ,0,1,0,MF,0,0,0,24(6),2129,0,0,5,1,0.2,83.9,1.2,0,6.57,6.52,0.2,1.9,0.2,2,2
223,Sebastian Pr?dl ,31,1,Watford  ,0,1,0,DF,0,0,1,17(4),1568,0,0,5,0,0.4,78.2,2.1,0,6.54,6.29,0,1,0.4,4.2,1.5
224,Rajiv van La Parra,27,1,Huddersfield  ,0,0,1,MF,0,0,0,26(7),2146,3,0,3,1,1.3,79.5,0.4,1,6.54,5.93,2.1,1.2,0,0.2,0.6
225,Callum Wilson ,26,1,Bournemouth  ,0,1,0,FW,1,0,0,23(5),1991,8,2,0,0,1.9,70.5,0.8,2,6.53,5.5,0.6,0.3,0.1,0.5,0.1
226,Jake Livermore ,28,1,West Bromwich Albion,0,0,1,MF,0,0,0,30(4),2675,2,2,5,0,0.4,78.6,0.7,0,6.53,6.04,0.6,2.1,0.3,0.8,0.8
227,Sam Clucas ,27,1,Swansea  ,0,0,1,MF,0,0,0,23(6),2045,3,1,2,0,0.7,83.6,1.3,0,6.53,6.54,0.2,1.2,0.2,1,1
228,Shane Long ,31,0,Southampton  ,0,0,1,FW,1,0,0,15(15),1580,2,1,6,0,1.1,66.8,2.6,0,6.53,5.86,0.3,0.8,0.1,1,0.4
229,Isaac Hayden ,23,1,Newcastle United ,0,1,0,MF,0,0,0,15(11),1372,1,0,7,0,0.5,75.3,2,0,6.53,5.7,0.2,1.5,0.2,1.5,0.9
230,Charlie Austin ,29,1,Southampton  ,0,0,1,FW,1,0,0,10(14),1030,7,0,2,0,2,68.4,1.7,1,6.53,6.22,0.1,0.3,0.1,0.4,0
231,Erik Lamela ,26,0,Tottenham  ,1,0,0,MF,0,0,0,7(18),832,2,2,4,0,0.8,82.7,0.2,0,6.52,5.96,0.9,0.9,0,0.2,0.3
232,Tom Carroll ,26,1,Swansea  ,0,0,1,MF,0,0,0,28(9),2570,0,4,3,0,0.5,82.6,0.3,0,6.52,5.9,0.4,1.4,0.2,0.4,0.8
233,Danny Welbeck ,27,1,Arsenal  ,0,1,0,FW,1,0,0,12(16),1185,5,2,1,0,1.1,79.8,0.9,2,6.52,5.77,0.5,0.7,0,0.4,0.4
234,Chris L?we ,29,1,Huddersfield  ,0,0,1,DF,0,0,1,19(4),1594,0,0,1,0,0.3,72.5,0.5,0,6.51,6.09,0.2,1.9,0.3,2.4,1.5
235,Tommy Smith ,26,1,Huddersfield  ,0,0,1,DF,0,0,1,21(3),1908,0,1,7,0,0.3,70.7,0.8,1,6.51,6.4,0.4,1.6,0.3,3,1.1
236,Roberto Pereyra ,27,0,Watford  ,0,1,0,MF,0,0,0,18(14),1622,5,2,3,0,1,84.9,0.1,1,6.51,6.19,1,0.3,0,0.1,0.3
237,Christian Atsu ,26,0,Newcastle United ,0,1,0,MF,0,0,0,19(9),1782,2,2,1,0,1.3,77.2,0.5,0,6.5,6.18,1,0.6,0.2,0.7,0.5
238,Florent Hadergjonaj ,23,1,Huddersfield  ,0,0,1,DF,0,0,1,19(4),1673,0,1,3,0,0.3,66.8,0.7,0,6.5,6.05,0.7,0.9,0.4,1.7,0.7
239,Javier Manquillo ,24,1,Newcastle United ,0,1,0,DF,0,0,1,20(1),1759,0,1,2,0,0.1,75,1,0,6.49,6.2,0.6,1.7,0.3,2.3,0.9
240,Dwight Gayle ,27,1,Newcastle United ,0,1,0,FW,1,0,0,23(12),1961,6,3,3,0,1.6,72.3,1.9,2,6.49,5.92,0.3,0.3,0.1,0.5,0.2
241,Declan Rice ,19,1,West Ham ,0,1,0,DF,0,0,1,15(11),1424,0,0,1,0,0.2,78.6,1.2,0,6.49,6.29,0.1,1.4,0.5,2.7,1
242,Darren Fletcher ,34,1,Stoke  ,0,0,1,MF,0,0,0,25(2),2223,1,1,0,0,0.4,78.5,0.8,0,6.48,5.9,0.6,1.7,0.1,1.1,0.9
243,Kelechi Iheanacho ,21,0,Leicester  ,0,1,0,FW,1,0,0,7(14),827,3,3,2,0,1.4,79.3,0.3,0,6.48,5.71,0.6,0.4,0.1,0.2,0.1
244,Moussa Sissoko ,28,1,Tottenham  ,1,0,0,MF,0,0,0,15(18),1396,1,1,3,0,0.6,83.5,0.5,0,6.46,6.13,0.5,0.7,0,0.6,0.3
245,Sam Vokes ,28,1,Burnley  ,0,1,0,FW,1,0,0,7(23),980,4,1,3,0,1.1,49.4,4.1,1,6.46,5.86,0,0.1,0.1,0.5,0.1
246,Elias Kachunga ,26,0,Huddersfield  ,0,0,1,FW,1,0,0,17(2),1338,1,1,1,0,0.6,66.4,0.9,0,6.46,6.33,0.7,1.6,0.1,0.4,0.1
247,Ramadan Sobhi ,21,0,Stoke  ,0,0,1,MF,0,0,0,12(12),1234,2,0,2,0,0.5,77,0.5,0,6.46,6,1.3,1.3,0,0.5,0.6
248,Tom Ince ,26,1,Huddersfield  ,0,0,1,MF,0,0,0,27(6),2456,2,0,0,0,2.1,79.6,0.5,0,6.45,6.03,0.8,1.1,0,0.3,0.4
249,Demarai Gray ,22,1,Leicester  ,0,1,0,MF,0,0,0,17(18),1693,3,1,2,0,1,79.4,0.1,1,6.45,6.39,1.1,0.5,0,0.3,0.3
250,Ashley Westwood ,28,1,Burnley  ,0,1,0,MF,0,0,0,12(7),1108,0,1,2,0,0.4,81.6,0.5,0,6.41,5.97,0.1,0.7,0.5,0.8,1
251,Tom Davies ,20,1,Everton  ,0,1,0,MF,0,0,0,20(13),1905,2,1,7,0,0.6,78,0.6,0,6.41,5.96,0.8,0.9,0.2,0.5,0.7
252,Tammy Abraham ,20,1,Swansea  ,0,0,1,FW,1,0,0,15(16),1721,5,1,0,0,1.4,67.7,1.3,2,6.41,5.95,0.9,0.3,0,0.4,0
253,Dominic Solanke ,20,1,Liverpool  ,1,0,0,FW,1,0,0,5(16),583,1,1,0,0,1,75.1,1,0,6.4,6.57,0.4,0.3,0,0.3,0.1
254,Ezequiel Schelotto ,29,1,Brighton  ,0,1,0,DF,0,0,1,15(5),1316,0,0,3,0,0.3,75.6,1.4,0,6.39,6.09,0.8,1.1,0.2,2.6,1
255,Collin Quaner ,27,1,Huddersfield  ,0,0,1,FW,1,0,0,13(13),1273,0,4,4,0,0.6,74.2,0.6,0,6.39,6.21,0.9,0.8,0.2,0.5,0.4
256,Scott Malone ,27,1,Huddersfield  ,0,0,1,DF,0,0,1,12(10),1118,0,1,3,0,0.4,72,0.6,0,6.38,6.4,0.7,1.8,0.1,1.7,1.2
257,Jermain Defoe ,35,1,Bournemouth  ,0,1,0,FW,1,0,0,11(13),1085,4,1,1,0,1.1,74,0.1,1,6.38,6.31,0.1,0.5,0,0,0.2
258,James McClean ,29,1,West Bromwich Albion,0,0,1,MF,0,0,0,14(16),1397,1,0,7,0,1,72.8,0.5,0,6.38,6.15,0.8,1.3,0.1,0.5,0.6
259,Danny Williams ,29,0,Huddersfield  ,0,0,1,MF,0,0,0,11(9),1118,0,0,2,0,0.6,77.1,0.5,0,6.35,6.62,0.5,1.2,0.1,1.3,1.3
260,Jeff Hendrick ,26,1,Burnley  ,0,1,0,MF,0,0,0,29(5),2343,2,2,1,0,0.7,81,0.4,0,6.33,6.07,0.7,0.5,0.1,0.6,0.2
261,Martin Olsson ,30,1,Swansea  ,0,0,1,DF,0,0,1,36,3154,0,1,7,0,0.5,73.5,1.3,0,6.32,6.09,0.3,0.9,0.1,1.9,0.9
262,Marc Pugh ,31,1,Bournemouth  ,0,1,0,MF,0,0,0,11(9),983,0,0,2,0,1,80.2,0.4,0,6.31,6.33,1,0.4,0.1,0.7,0.7
263,Manolo Gabbiadini ,26,1,Southampton  ,0,0,1,FW,1,0,0,11(17),1076,5,0,2,0,0.8,70.9,0.5,0,6.3,6.32,0.2,0.1,0,0.2,0.1
264,Jacob Murphy ,23,1,Newcastle United ,0,1,0,MF,0,0,0,13(12),1145,1,1,0,0,0.9,65.5,0.3,0,6.29,6.12,1.4,0.5,0,0.4,0.2
265,Lys Mousset ,22,1,Bournemouth  ,0,1,0,FW,1,0,0,4(19),585,2,0,1,0,1,63.4,0.3,0,6.29,6.39,0.8,0.4,0.1,0.3,0.1
266,Hal Robson0Kanu ,29,1,West Bromwich Albion,0,0,1,FW,1,0,0,8(13),822,2,0,2,1,0.9,67.2,1.1,1,6.28,5.94,0.7,0.2,0.1,0.4,0.2
267,Nathan Dyer ,30,1,Swansea  ,0,0,1,MF,0,0,0,16(8),1313,0,0,2,0,0.4,81.1,0.2,0,6.28,6.1,1,0.9,0,0.1,0.5
268,Beram Kayal ,30,0,Brighton  ,0,1,0,MF,0,0,0,8(11),740,0,0,2,0,0.2,78.9,0.4,0,6.26,6.27,0.3,0.9,0.2,0.4,0.7
269,Andre Gray ,27,1,Watford  ,0,1,0,FW,1,0,0,16(15),1499,5,2,1,0,1.1,71.9,0.5,0,6.24,6.07,0.1,0.1,0,0.1,0.1
